{
  "roc_auc": 0.6545880307002251,
  "confusion_matrix": [
    [
      529,
      104
    ],
    [
      266,
      101
    ]
  ],
  "classification_report": {
    "0": {
      "precision": 0.6654088050314465,
      "recall": 0.8357030015797788,
      "f1-score": 0.7408963585434174,
      "support": 633
    },
    "1": {
      "precision": 0.4926829268292683,
      "recall": 0.27520435967302453,
      "f1-score": 0.3531468531468532,
      "support": 367
    },
    "accuracy": 0.63,
    "macro avg": {
      "precision": 0.5790458659303575,
      "recall": 0.5554536806264017,
      "f1-score": 0.5470216058451353,
      "support": 1000
    },
    "weighted avg": {
      "precision": 0.6020184077312472,
      "recall": 0.63,
      "f1-score": 0.5985922900628783,
      "support": 1000
    }
  }
}